總體統計資料庫XML檔連結清單,,,
領域別,資料項目,連結網址,來源機關
01國民所得統計,國民所得統計常用資料-年,https://nstatdb.dgbas.gov.tw/dgbasAll/download/XML/NationalIncome/NA8101A1A.xml,行政院主計總處
01國民所得統計,國民所得統計常用資料-季,https://nstatdb.dgbas.gov.tw/dgbasAll/download/XML/NationalIncome/NA8101A1Q.xml,行政院主計總處
01國民所得統計,國內生產毛額依支出分-年(1951-1980),https://nstatdb.dgbas.gov.tw/dgbasAll/download/XML/NationalIncome/NA8102A1A.xml,行政院主計總處
01國民所得統計,國內生產毛額依支出分-年(1981以後),https://nstatdb.dgbas.gov.tw/dgbasAll/download/XML/NationalIncome/NA8102A5A.xml,行政院主計總處
01國民所得統計,國內生產毛額依支出分-季(1961-1980),https://nstatdb.dgbas.gov.tw/dgbasAll/download/XML/NationalIncome/NA8102A4Q.xml,行政院主計總處
01國民所得統計,國內生產毛額依支出分-季(1981以後),https://nstatdb.dgbas.gov.tw/dgbasAll/download/XML/NationalIncome/NA8102A6Q.xml,行政院主計總處
01國民所得統計,民間消費-年,https://nstatdb.dgbas.gov.tw/dgbasAll/download/XML/NationalIncome/NA8203A1A.xml,行政院主計總處
01國民所得統計,民間消費-季,https://nstatdb.dgbas.gov.tw/dgbasAll/download/XML/NationalIncome/NA8203A2Q.xml,行政院主計總處
01國民所得統計,政府消費-年,https://nstatdb.dgbas.gov.tw/dgbasAll/download/XML/NationalIncome/NA8706A1A.xml,行政院主計總處
01國民所得統計,固定資本形成毛額-年,https://nstatdb.dgbas.gov.tw/dgbasAll/download/XML/NationalIncome/NA8401A1A.xml,行政院主計總處
01國民所得統計,固定資本形成毛額-季,https://nstatdb.dgbas.gov.tw/dgbasAll/download/XML/NationalIncome/NA8401A2Q.xml,行政院主計總處
01國民所得統計,存貨變動-年,https://nstatdb.dgbas.gov.tw/dgbasAll/download/XML/NationalIncome/NA8403A1A.xml,行政院主計總處
01國民所得統計,各業固定資本形成毛額-年,https://nstatdb.dgbas.gov.tw/dgbasAll/download/XML/NationalIncome/NA8402A1A.xml,行政院主計總處
01國民所得統計,國內生產及要素所得-年,https://nstatdb.dgbas.gov.tw/dgbasAll/download/XML/NationalIncome/NA8102A2A.xml,行政院主計總處
01國民所得統計,國內各業生產及平減指數-年,https://nstatdb.dgbas.gov.tw/dgbasAll/download/XML/NationalIncome/NA8103A1A.xml,行政院主計總處
01國民所得統計,國內各業生產及平減指數-季,https://nstatdb.dgbas.gov.tw/dgbasAll/download/XML/NationalIncome/NA8103A1Q.xml,行政院主計總處
01國民所得統計,國民所得、儲蓄與投資-年,https://nstatdb.dgbas.gov.tw/dgbasAll/download/XML/NationalIncome/NA8201A1A.xml,行政院主計總處
01國民所得統計,國民所得、儲蓄與投資-季,https://nstatdb.dgbas.gov.tw/dgbasAll/download/XML/NationalIncome/NA8201A1Q.xml,行政院主計總處
01國民所得統計,平均每人統計結果-年,https://nstatdb.dgbas.gov.tw/dgbasAll/download/XML/NationalIncome/NA8202A1A.xml,行政院主計總處
01國民所得統計,平均每人統計結果-季,https://nstatdb.dgbas.gov.tw/dgbasAll/download/XML/NationalIncome/NA8202A1Q.xml,行政院主計總處
01國民所得統計,經季節調整之國內生產毛額依支出分-季,https://nstatdb.dgbas.gov.tw/dgbasAll/download/XML/NationalIncome/NA8102A3Q.xml,行政院主計總處
01國民所得統計,國內生產毛額貢獻度─依支出分-年,https://nstatdb.dgbas.gov.tw/dgbasAll/download/XML/NationalIncome/NA8102A7A.xml,行政院主計總處
01國民所得統計,國內生產毛額貢獻度─依支出分-季,https://nstatdb.dgbas.gov.tw/dgbasAll/download/XML/NationalIncome/NA8102A7Q.xml,行政院主計總處
01國民所得統計,國內生產毛額貢獻度─依行業分-年,https://nstatdb.dgbas.gov.tw/dgbasAll/download/XML/NationalIncome/NA8102A8A.xml,行政院主計總處
01國民所得統計,國內生產毛額貢獻度─依行業分-季,https://nstatdb.dgbas.gov.tw/dgbasAll/download/XML/NationalIncome/NA8102A8Q.xml,行政院主計總處
02家庭收支統計,家庭收支重要指標-年,https://nstatdb.dgbas.gov.tw/dgbasAll/download/XML/HouseholdFinances/FF0001A1A.xml,行政院主計總處
02家庭收支統計,所得總額按來源別分  -年,https://nstatdb.dgbas.gov.tw/dgbasAll/download/XML/HouseholdFinances/FF0002A1A.xml,行政院主計總處
02家庭收支統計,戶數五等分位組之平均每戶可支配所得  -年,https://nstatdb.dgbas.gov.tw/dgbasAll/download/XML/HouseholdFinances/FF0003A1A.xml,行政院主計總處
02家庭收支統計,戶數五等分位組之所得分配比與所得差距  -年,https://nstatdb.dgbas.gov.tw/dgbasAll/download/XML/HouseholdFinances/FF0004A1A.xml,行政院主計總處
02家庭收支統計,人數五等分位組之所得差距-年,https://nstatdb.dgbas.gov.tw/dgbasAll/download/XML/HouseholdFinances/FF0004A2A.xml,行政院主計總處
02家庭收支統計,政府對家庭移轉收支對所得分配之影響  -年,https://nstatdb.dgbas.gov.tw/dgbasAll/download/XML/HouseholdFinances/FF0005A1A.xml,行政院主計總處
02家庭收支統計,戶數十等分位組分界點之可支配所得  -年,https://nstatdb.dgbas.gov.tw/dgbasAll/download/XML/HouseholdFinances/FF0006A1A.xml,行政院主計總處
02家庭收支統計,人數十等分位組分界點之可支配所得-年,https://nstatdb.dgbas.gov.tw/dgbasAll/download/XML/HouseholdFinances/FF0006A2A.xml,行政院主計總處
02家庭收支統計,家庭消費支出按消費型態分  -年,https://nstatdb.dgbas.gov.tw/dgbasAll/download/XML/HouseholdFinances/FF0007A1A.xml,行政院主計總處
02家庭收支統計,家庭住宅狀況  -年,https://nstatdb.dgbas.gov.tw/dgbasAll/download/XML/HouseholdFinances/FF0008A1A.xml,行政院主計總處
02家庭收支統計,家庭主要設備普及率  -年,https://nstatdb.dgbas.gov.tw/dgbasAll/download/XML/HouseholdFinances/FF0009A1A.xml,行政院主計總處
02家庭收支統計,戶數五等分位組之平均每戶人數與就業人數-年,https://nstatdb.dgbas.gov.tw/dgbasAll/download/XML/HouseholdFinances/FF0010A1A.xml,行政院主計總處
02家庭收支統計,家庭戶數按戶內人口規模別之分配  -年,https://nstatdb.dgbas.gov.tw/dgbasAll/download/XML/HouseholdFinances/FF0011A1A.xml,行政院主計總處
03物價統計,消費者物價基本分類指數-年,https://nstatdb.dgbas.gov.tw/dgbasAll/download/XML/PriceStatistics/PR0101A1A.xml,行政院主計總處
03物價統計,消費者物價基本分類指數-月,https://nstatdb.dgbas.gov.tw/dgbasAll/download/XML/PriceStatistics/PR0101A1M.xml,行政院主計總處
03物價統計,消費者物價商品性質分類指數-年,https://nstatdb.dgbas.gov.tw/dgbasAll/download/XML/PriceStatistics/PR0102A1A.xml,行政院主計總處
03物價統計,消費者物價商品性質分類指數-月,https://nstatdb.dgbas.gov.tw/dgbasAll/download/XML/PriceStatistics/PR0102A1M.xml,行政院主計總處
03物價統計,消費者物價特殊分類指數-年,https://nstatdb.dgbas.gov.tw/dgbasAll/download/XML/PriceStatistics/PR0103A1A.xml,行政院主計總處
03物價統計,消費者物價特殊分類指數-月,https://nstatdb.dgbas.gov.tw/dgbasAll/download/XML/PriceStatistics/PR0103A1M.xml,行政院主計總處
03物價統計,生產者物價基本分類指數-年,https://nstatdb.dgbas.gov.tw/dgbasAll/download/XML/PriceStatistics/PR0701A1A.xml,行政院主計總處
03物價統計,生產者物價基本分類指數-月,https://nstatdb.dgbas.gov.tw/dgbasAll/download/XML/PriceStatistics/PR0701A1M.xml,行政院主計總處
03物價統計,服務業生產者物價基本分類指數-月,https://nstatdb.dgbas.gov.tw/dgbasAll/download/XML/PriceStatistics/PR0901A1A.xml,行政院主計總處
03物價統計,進口物價基本分類指數(按HS分)(美元計價)-年,https://nstatdb.dgbas.gov.tw/dgbasAll/download/XML/PriceStatistics/PR0301A1A.xml,行政院主計總處
03物價統計,進口物價基本分類指數(按HS分)(美元計價)-月,https://nstatdb.dgbas.gov.tw/dgbasAll/download/XML/PriceStatistics/PR0301A1M.xml,行政院主計總處
03物價統計,進口物價基本分類指數(按HS分)(新台幣計價)-年,https://nstatdb.dgbas.gov.tw/dgbasAll/download/XML/PriceStatistics/PR0302A1A.xml,行政院主計總處
03物價統計,進口物價基本分類指數(按HS分)(新台幣計價)-月,https://nstatdb.dgbas.gov.tw/dgbasAll/download/XML/PriceStatistics/PR0302A1M.xml,行政院主計總處
03物價統計,出口物價基本分類指數(按HS分)(美元計價)-年,https://nstatdb.dgbas.gov.tw/dgbasAll/download/XML/PriceStatistics/PR0401A1A.xml,行政院主計總處
03物價統計,出口物價基本分類指數(按HS分)(美元計價)-月,https://nstatdb.dgbas.gov.tw/dgbasAll/download/XML/PriceStatistics/PR0401A1M.xml,行政院主計總處
03物價統計,出口物價基本分類指數(按HS分)(新台幣計價)-年,https://nstatdb.dgbas.gov.tw/dgbasAll/download/XML/PriceStatistics/PR0402A1A.xml,行政院主計總處
03物價統計,出口物價基本分類指數(按HS分)(新台幣計價)-月,https://nstatdb.dgbas.gov.tw/dgbasAll/download/XML/PriceStatistics/PR0402A1M.xml,行政院主計總處
03物價統計,營造工程物價指數-年,https://nstatdb.dgbas.gov.tw/dgbasAll/download/XML/PriceStatistics/PR0501A1A.xml,行政院主計總處
03物價統計,營造工程物價指數-月,https://nstatdb.dgbas.gov.tw/dgbasAll/download/XML/PriceStatistics/PR0501A1M..xml,行政院主計總處
03物價統計,躉售物價內外銷及產地來源分類指數-年,https://nstatdb.dgbas.gov.tw/dgbasAll/download/XML/PriceStatistics/PR0201A1A.xml,行政院主計總處
03物價統計,躉售物價內外銷及產地來源分類指數-月,https://nstatdb.dgbas.gov.tw/dgbasAll/download/XML/PriceStatistics/PR0201A1M.xml,行政院主計總處
03物價統計,躉售物價基本分類指數-年,https://nstatdb.dgbas.gov.tw/dgbasAll/download/XML/PriceStatistics/PR0202A1A.xml,行政院主計總處
03物價統計,躉售物價基本分類指數-月,https://nstatdb.dgbas.gov.tw/dgbasAll/download/XML/PriceStatistics/PR0202A1M.xmlxml,行政院主計總處
04勞工統計,人力資源主要指標-年,https://nstatdb.dgbas.gov.tw/dgbasAll/download/XML/LaborForce/LM0107A1A.xml,行政院主計總處
04勞工統計,人力資源主要指標-月,https://nstatdb.dgbas.gov.tw/dgbasAll/download/XML/LaborForce/LM0107A1M.xml,行政院主計總處
04勞工統計,勞動力按教育程度分-年,https://nstatdb.dgbas.gov.tw/dgbasAll/download/XML/LaborForce/LM0101A1A.xml,行政院主計總處
04勞工統計,勞動力按教育程度分-月,https://nstatdb.dgbas.gov.tw/dgbasAll/download/XML/LaborForce/LM0101A1M.xml,行政院主計總處
04勞工統計,勞動力按年齡分-年,https://nstatdb.dgbas.gov.tw/dgbasAll/download/XML/LaborForce/LM0102A1A.xml,行政院主計總處
04勞工統計,勞動力按年齡分-月,https://nstatdb.dgbas.gov.tw/dgbasAll/download/XML/LaborForce/LM0102A1M.xml,行政院主計總處
04勞工統計,勞參率及失業率按教育程度分-年,https://nstatdb.dgbas.gov.tw/dgbasAll/download/XML/LaborForce/LM0108A1A.xml,行政院主計總處
04勞工統計,勞參率及失業率按教育程度分-月,https://nstatdb.dgbas.gov.tw/dgbasAll/download/XML/LaborForce/LM0108A1M.xml,行政院主計總處
04勞工統計,勞參率及失業率按年齡分-年,https://nstatdb.dgbas.gov.tw/dgbasAll/download/XML/LaborForce/LM0109A1A.xml,行政院主計總處
04勞工統計,勞參率及失業率按年齡分-月,https://nstatdb.dgbas.gov.tw/dgbasAll/download/XML/LaborForce/LM0109A1M.xml,行政院主計總處
04勞工統計,各行業就業人口(第六次修訂 1978-2001年)-年,https://nstatdb.dgbas.gov.tw/dgbasAll/download/XML/LaborForce/LM0103A3A.xml,行政院主計總處
04勞工統計,各行業就業人口(第六次修訂 1978-2001年)-月,https://nstatdb.dgbas.gov.tw/dgbasAll/download/XML/LaborForce/LM0103A3M.xml,行政院主計總處
04勞工統計,各行業就業人口(第七次修訂 1999-2006年)-年,https://nstatdb.dgbas.gov.tw/dgbasAll/download/XML/LaborForce/LM0103A1A.xml,行政院主計總處
04勞工統計,各行業就業人口(第七次修訂 1999-2006年)-月,https://nstatdb.dgbas.gov.tw/dgbasAll/download/XML/LaborForce/LM0103A1M.xml,行政院主計總處
04勞工統計,各行業就業人口(第八次修訂 2001年以後)-年,https://nstatdb.dgbas.gov.tw/dgbasAll/download/XML/LaborForce/LM0103A2A.xml,行政院主計總處
04勞工統計,各行業就業人口(第八次修訂 2001年以後)-月,https://nstatdb.dgbas.gov.tw/dgbasAll/download/XML/LaborForce/LM0103A2M.xml,行政院主計總處
04勞工統計,各行業就業人口(第九次修訂 2012年以後)-年,https://nstatdb.dgbas.gov.tw/dgbasAll/download/XML/LaborForce/LM0103A4A.xml,行政院主計總處
04勞工統計,各行業就業人口(第九次修訂 2012年以後)-月,https://nstatdb.dgbas.gov.tw/dgbasAll/download/XML/LaborForce/LM0103A4M.xml,行政院主計總處
04勞工統計,各行業就業人口(第十次修訂 2017年以後)-年,https://nstatdb.dgbas.gov.tw/dgbasAll/download/XML/LaborForce/LM0103A5A.xml,行政院主計總處
04勞工統計,各行業就業人口(第十次修訂 2017年以後)-月,https://nstatdb.dgbas.gov.tw/dgbasAll/download/XML/LaborForce/LM0103A5M.xml,行政院主計總處
04勞工統計,職業別就業人口(第五次修訂 67-99年)-年,https://nstatdb.dgbas.gov.tw/dgbasAll/download/XML/LaborForce/LM0104A1A.xml,行政院主計總處
04勞工統計,職業別就業人口(第五次修訂 67-99年)-月,https://nstatdb.dgbas.gov.tw/dgbasAll/download/XML/LaborForce/LM0104A1M.xml,行政院主計總處
04勞工統計,職業別就業人口(第六次修訂 90年以後)-年,https://nstatdb.dgbas.gov.tw/dgbasAll/download/XML/LaborForce/LM0104A2A.xml,行政院主計總處
04勞工統計,職業別就業人口(第六次修訂 90年以後)-月,https://nstatdb.dgbas.gov.tw/dgbasAll/download/XML/LaborForce/LM0104A2M.xml,行政院主計總處
04勞工統計,從業身分別就業人口-年,https://nstatdb.dgbas.gov.tw/dgbasAll/download/XML/LaborForce/LM0105A1A.xml,行政院主計總處
04勞工統計,從業身分別就業人口-月,https://nstatdb.dgbas.gov.tw/dgbasAll/download/XML/LaborForce/LM0105A1M.xml,行政院主計總處
04勞工統計,失業者按失業原因分-年,https://nstatdb.dgbas.gov.tw/dgbasAll/download/XML/LaborForce/LM0111A1A.xml,行政院主計總處
04勞工統計,失業者按失業原因分-月,https://nstatdb.dgbas.gov.tw/dgbasAll/download/XML/LaborForce/LM0111A1M.xml,行政院主計總處
04勞工統計,非勞動力人口原因-年,https://nstatdb.dgbas.gov.tw/dgbasAll/download/XML/LaborForce/LM0106A1A.xml,行政院主計總處
04勞工統計,非勞動力人口原因-月,https://nstatdb.dgbas.gov.tw/dgbasAll/download/XML/LaborForce/LM0106A1M.xml,行政院主計總處
04勞工統計,受僱員工人數-年,https://nstatdb.dgbas.gov.tw/dgbasAll/download/XML/LaborForce/LM6101A1A.xml,行政院主計總處
04勞工統計,受僱員工人數-月,https://nstatdb.dgbas.gov.tw/dgbasAll/download/XML/LaborForce/LM6101A1M.xml,行政院主計總處
04勞工統計,每人每月總薪資-年,https://nstatdb.dgbas.gov.tw/dgbasAll/download/XML/LaborForce/LM6201A1A.xml,行政院主計總處
04勞工統計,每人每月總薪資-月,https://nstatdb.dgbas.gov.tw/dgbasAll/download/XML/LaborForce/LM6201A1M.xml,行政院主計總處
04勞工統計,每人每月經常性薪資-年,https://nstatdb.dgbas.gov.tw/dgbasAll/download/XML/LaborForce/LM6301A1A.xml,行政院主計總處
04勞工統計,每人每月經常性薪資-月,https://nstatdb.dgbas.gov.tw/dgbasAll/download/XML/LaborForce/LM6301A1M.xml,行政院主計總處
04勞工統計,受僱員工每人每月工時-年,https://nstatdb.dgbas.gov.tw/dgbasAll/download/XML/LaborForce/LM6401A1A.xml,行政院主計總處
04勞工統計,受僱員工每人每月工時-月,https://nstatdb.dgbas.gov.tw/dgbasAll/download/XML/LaborForce/LM6401A1M.xml,行政院主計總處
04勞工統計,受僱員工進退狀況-年,https://nstatdb.dgbas.gov.tw/dgbasAll/download/XML/LaborForce/LM6501A1A.xml,行政院主計總處
04勞工統計,受僱員工進退狀況-月,https://nstatdb.dgbas.gov.tw/dgbasAll/download/XML/LaborForce/LM6501A1M.xml,行政院主計總處
04勞工統計,重要勞動力指數-年,https://nstatdb.dgbas.gov.tw/dgbasAll/download/XML/LaborForce/LM6601A1A.xml,行政院主計總處
04勞工統計,重要勞動力指數-月,https://nstatdb.dgbas.gov.tw/dgbasAll/download/XML/LaborForce/LM6601A1M.xml,行政院主計總處
04勞工統計,公立職訓機構訓練人數-年,https://nstatdb.dgbas.gov.tw/dgbasAll/download/XML/LaborForce/LM1102A1A.xml,勞動部職訓局
04勞工統計,公立職訓機構訓練人數-月,https://nstatdb.dgbas.gov.tw/dgbasAll/download/XML/LaborForce/LM1102A1M.xml,勞動部職訓局
04勞工統計,就業服務概況-年,https://nstatdb.dgbas.gov.tw/dgbasAll/download/XML/LaborForce/LM1103A1A.xml,勞動部職訓局
04勞工統計,就業服務概況-月,https://nstatdb.dgbas.gov.tw/dgbasAll/download/XML/LaborForce/LM1103A1M.xml,勞動部職訓局
04勞工統計,定額進用身心障礙者機構數及人數-年,https://nstatdb.dgbas.gov.tw/dgbasAll/download/XML/LaborForce/LM1104A1A.xml,勞動部職訓局
04勞工統計,定額進用身心障礙者機構數及人數-月,https://nstatdb.dgbas.gov.tw/dgbasAll/download/XML/LaborForce/LM1104A1M.xml,勞動部職訓局
04勞工統計,勞雇雙方協商減少工時概況-月,https://nstatdb.dgbas.gov.tw/dgbasAll/download/XML/LaborForce/LM1205A1M.xml,勞動部統計處
04勞工統計,勞資爭議協商調處績效-月,https://nstatdb.dgbas.gov.tw/dgbasAll/download/XML/LaborForce/LM1201A1M.xml,勞動部統計處
04勞工統計,舊制勞工退休準備金提撥概況-月,https://nstatdb.dgbas.gov.tw/dgbasAll/download/XML/LaborForce/LM1203A1M.xml,勞動部統計處
04勞工統計,新制勞工退休金提繳概況-月,https://nstatdb.dgbas.gov.tw/dgbasAll/download/XML/LaborForce/LM1204A1M.xml,勞動部統計處
04勞工統計,產業及社福移工人數-年,https://nstatdb.dgbas.gov.tw/dgbasAll/download/XML/LaborForce/LM1301A1A.xml,勞動部勞動力發展署
04勞工統計,產業及社福移工人數-月,https://nstatdb.dgbas.gov.tw/dgbasAll/download/XML/LaborForce/LM1301A1M.xml,勞動部勞動力發展署
04勞工統計,外國專業人員有效聘僱許可人數-年,https://nstatdb.dgbas.gov.tw/dgbasAll/download/XML/LaborForce/LM1302A1A.xml,勞動部勞動力發展署
04勞工統計,外國專業人員有效聘僱許可人數-月,https://nstatdb.dgbas.gov.tw/dgbasAll/download/XML/LaborForce/LM1302A1M.xml,勞動部勞動力發展署
04勞工統計,勞工保險職業災害保險給付-月,https://nstatdb.dgbas.gov.tw/dgbasAll/download/XML/LaborForce/LM1401A1M.xml,勞動部勞工保險局會計室
04勞工統計,勞工保險投保單位數及人數-月,https://nstatdb.dgbas.gov.tw/dgbasAll/download/XML/LaborForce/LM1402A1M.xml,勞動部勞工保險局會計室
04勞工統計,就業保險失業給付情形-月,https://nstatdb.dgbas.gov.tw/dgbasAll/download/XML/LaborForce/LM1403A1M.xml,勞動部勞工保險局會計室
04勞工統計,就業保險投保單位數及人數-月,https://nstatdb.dgbas.gov.tw/dgbasAll/download/XML/LaborForce/LM1404A1M.xml,勞動部勞工保險局會計室
04勞工統計,職業災害勞工保護補助-月,https://nstatdb.dgbas.gov.tw/dgbasAll/download/XML/LaborForce/LM1405A1M.xml,勞動部勞工保險局會計室
19社會保障支出,社會保障支出-年,https://nstatdb.dgbas.gov.tw/dgbasAll/download/XML/SocialProtection/SP0101A1A.xml,行政院主計總處
19社會保障支出,社會給付功能別-年,https://nstatdb.dgbas.gov.tw/dgbasAll/download/XML/SocialProtection/SP0102A1A.xml,行政院主計總處
19社會保障支出,社會保障支出-按計畫別(103年以前)-年,https://nstatdb.dgbas.gov.tw/dgbasAll/download/XML/SocialProtection/SP0103A1A.xml,行政院主計總處
19社會保障支出,社會保障支出-按計畫別(104年以後)-年,https://nstatdb.dgbas.gov.tw/dgbasAll/download/XML/SocialProtection/SP0103A2A.xml,行政院主計總處
19社會保障支出,社會給付-按功能別及計畫別(103年以前)-年,https://nstatdb.dgbas.gov.tw/dgbasAll/download/XML/SocialProtection/SP0104A1A.xml,行政院主計總處
19社會保障支出,社會給付-按功能別及計畫別(104年以後)-年,https://nstatdb.dgbas.gov.tw/dgbasAll/download/XML/SocialProtection/SP0104A2A.xml,行政院主計總處
05工商業統計,工業生產指數-年,https://nstatdb.dgbas.gov.tw/dgbasAll/download/XML/EconomicStatistics/ES0104A1A.xml,經濟部統計處
05工商業統計,工業生產指數-月,https://nstatdb.dgbas.gov.tw/dgbasAll/download/XML/EconomicStatistics/ES0104A1M.xml,經濟部統計處
05工商業統計,外銷訂單按主要接單地區-年,https://nstatdb.dgbas.gov.tw/dgbasAll/download/XML/EconomicStatistics/ES0105A1A.xml,經濟部統計處
05工商業統計,外銷訂單按主要接單地區-月,https://nstatdb.dgbas.gov.tw/dgbasAll/download/XML/EconomicStatistics/ES0105A1M.xml,經濟部統計處
05工商業統計,外銷訂單按主要接單貨品-年,https://nstatdb.dgbas.gov.tw/dgbasAll/download/XML/EconomicStatistics/ES0106A1A.xml,經濟部統計處
05工商業統計,外銷訂單按主要接單貨品-月,https://nstatdb.dgbas.gov.tw/dgbasAll/download/XML/EconomicStatistics/ES0106A1M.xml,經濟部統計處
05工商業統計,租賃業、專業及技術服務業營業額-年,https://nstatdb.dgbas.gov.tw/dgbasAll/download/XML/EconomicStatistics/ES0107A2A.xml,經濟部統計處
05工商業統計,租賃業、專業及技術服務業營業額-季,https://nstatdb.dgbas.gov.tw/dgbasAll/download/XML/EconomicStatistics/ES0107A2Q.xml,經濟部統計處
05工商業統計,批發零售及餐飲業營業額-年,https://nstatdb.dgbas.gov.tw/dgbasAll/download/XML/EconomicStatistics/ES0107A3A.xml,經濟部統計處
05工商業統計,批發零售及餐飲業營業額-月,https://nstatdb.dgbas.gov.tw/dgbasAll/download/XML/EconomicStatistics/ES0107A3M.xml,經濟部統計處
05工商業統計,工廠-新登記及歇業(行業分類第八、九次修訂96年以後)-月,https://nstatdb.dgbas.gov.tw/dgbasAll/download/XML/EconomicStatistics/ES0108A4M.xml,經濟部統計處
05工商業統計,工廠-營運中(行業分類第十一次修訂 86年以後)-年,https://nstatdb.dgbas.gov.tw/dgbasAll/download/XML/EconomicStatistics/ES0108A7A.xml,經濟部統計處
05工商業統計,公司動態(行業分類第八、九次修訂 96-105年)-年,https://nstatdb.dgbas.gov.tw/dgbasAll/download/XML/EconomicStatistics/ES0109A1A.xml,經濟部統計處
05工商業統計,公司動態(行業分類第八、九次修訂 96-105年)-月,https://nstatdb.dgbas.gov.tw/dgbasAll/download/XML/EconomicStatistics/ES0109A1M.xml,經濟部統計處
05工商業統計,公司動態(行業分類第十次修訂 106年以後)-年,https://nstatdb.dgbas.gov.tw/dgbasAll/download/XML/EconomicStatistics/ES0109A2A.xml,經濟部統計處
05工商業統計,公司動態(行業分類第十次修訂 106年以後)-月,https://nstatdb.dgbas.gov.tw/dgbasAll/download/XML/EconomicStatistics/ES0109A2M.xml,經濟部統計處
05工商業統計,商業動態(第八、九次修正 96年-105年)-年,https://nstatdb.dgbas.gov.tw/dgbasAll/download/XML/EconomicStatistics/ES0110A1A.xml,經濟部統計處
05工商業統計,商業動態(第八、九次修正 96年-105年)-月,https://nstatdb.dgbas.gov.tw/dgbasAll/download/XML/EconomicStatistics/ES0110A1M.xml,經濟部統計處
05工商業統計,商業動態(第十次修正 106年以後)-年,https://nstatdb.dgbas.gov.tw/dgbasAll/download/XML/EconomicStatistics/ES0110A2A.xml,經濟部統計處
05工商業統計,商業動態(第十次修正 106年以後)-月,https://nstatdb.dgbas.gov.tw/dgbasAll/download/XML/EconomicStatistics/ES0110A2M.xml,經濟部統計處
06營建與不動產統計,核發建築物建造執照總樓地板面積-按用途別分-年,https://nstatdb.dgbas.gov.tw/dgbasAll/download/XML/Construction/HC0101A1A.xml,內政部營建署
06營建與不動產統計,核發建築物建造執照總樓地板面積-按用途別分-月,https://nstatdb.dgbas.gov.tw/dgbasAll/download/XML/Construction/HC0101A1M.xml,內政部營建署
06營建與不動產統計,核發建築物建造執照總樓地板面積及工程造價-按構造別分-年,https://nstatdb.dgbas.gov.tw/dgbasAll/download/XML/Construction/HC0102A1A.xml,內政部營建署
06營建與不動產統計,核發建築物建造執照總樓地板面積及工程造價-按構造別分-月,https://nstatdb.dgbas.gov.tw/dgbasAll/download/XML/Construction/HC0102A1M.xml,內政部營建署
06營建與不動產統計,核發建築物使用執照總樓地板面積-按用途別分-月,https://nstatdb.dgbas.gov.tw/dgbasAll/download/XML/Construction/HC0103A1M.xml,內政部營建署
07交通統計,鐵道客運量-年,https://nstatdb.dgbas.gov.tw/dgbasAll/download/XML/Transportation/TK0101A1A.xml,交通部統計處
07交通統計,鐵道客運量-月,https://nstatdb.dgbas.gov.tw/dgbasAll/download/XML/Transportation/TK0101A1M.xml,交通部統計處
07交通統計,鐵道貨運量-年,https://nstatdb.dgbas.gov.tw/dgbasAll/download/XML/Transportation/TK0101A2A.xml,交通部統計處
07交通統計,鐵道貨運量-月,https://nstatdb.dgbas.gov.tw/dgbasAll/download/XML/Transportation/TK0101A2M.xml,交通部統計處
07交通統計,汽車客運營運狀況-年,https://nstatdb.dgbas.gov.tw/dgbasAll/download/XML/Transportation/TK0102A1A.xml,交通部統計處
07交通統計,汽車客運營運狀況-月,https://nstatdb.dgbas.gov.tw/dgbasAll/download/XML/Transportation/TK0102A1M.xml,交通部統計處
07交通統計,公路汽車貨運營運狀況-年,https://nstatdb.dgbas.gov.tw/dgbasAll/download/XML/Transportation/TK0102A2A.xml,交通部統計處
07交通統計,公路汽車貨運營運狀況-月,https://nstatdb.dgbas.gov.tw/dgbasAll/download/XML/Transportation/TK0102A2M.xml,交通部統計處
07交通統計,航空客、貨運-年,https://nstatdb.dgbas.gov.tw/dgbasAll/download/XML/Transportation/TK0103A1A.xml,交通部統計處
07交通統計,航空客、貨運-月,https://nstatdb.dgbas.gov.tw/dgbasAll/download/XML/Transportation/TK0103A1M.xml,交通部統計處
07交通統計,各國際商港進出港旅客人數-月,https://nstatdb.dgbas.gov.tw/dgbasAll/download/XML/Transportation/TK0104A1M.xml,交通部統計處
07交通統計,各國際商港貨物吞吐量-月,https://nstatdb.dgbas.gov.tw/dgbasAll/download/XML/Transportation/TK0104A2M.xml,交通部統計處
07交通統計,各國際商港貨櫃裝卸量-年,https://nstatdb.dgbas.gov.tw/dgbasAll/download/XML/Transportation/TK0104A3A.xml,交通部統計處
07交通統計,各國際商港貨櫃裝卸量-月,https://nstatdb.dgbas.gov.tw/dgbasAll/download/XML/Transportation/TK0104A3M.xml,交通部統計處
07交通統計,民航機場進出旅客人數-年,https://nstatdb.dgbas.gov.tw/dgbasAll/download/XML/Transportation/TK0103A2A.xml,交通部統計處
07交通統計,民航機場進出旅客人數-月,https://nstatdb.dgbas.gov.tw/dgbasAll/download/XML/Transportation/TK0103A2M.xml,交通部統計處
07交通統計,自由貿易港區貿易值-年,https://nstatdb.dgbas.gov.tw/dgbasAll/download/XML/Transportation/TK0103A3A.xml,交通部統計處
07交通統計,自由貿易港區貿易值-月,https://nstatdb.dgbas.gov.tw/dgbasAll/download/XML/Transportation/TK0103A3M.xml,交通部統計處
07交通統計,機動車輛登記數-年,https://nstatdb.dgbas.gov.tw/dgbasAll/download/XML/Transportation/TK0105A1A.xml,交通部統計處
07交通統計,機動車輛登記數-月,https://nstatdb.dgbas.gov.tw/dgbasAll/download/XML/Transportation/TK0105A1M.xml,交通部統計處
07交通統計,高速公路通行輛次-年,https://nstatdb.dgbas.gov.tw/dgbasAll/download/XML/Transportation/TK0106A1A.xml,交通部統計處
07交通統計,高速公路通行輛次-月,https://nstatdb.dgbas.gov.tw/dgbasAll/download/XML/Transportation/TK0106A1M.xml,交通部統計處
07交通統計,中華郵政公司營運統計-年,https://nstatdb.dgbas.gov.tw/dgbasAll/download/XML/Transportation/TK0201A1A.xml,交通部統計處
07交通統計,中華郵政公司營運統計-月,https://nstatdb.dgbas.gov.tw/dgbasAll/download/XML/Transportation/TK0201A1M.xml,交通部統計處
07交通統計,電信業者營運實績-年,https://nstatdb.dgbas.gov.tw/dgbasAll/download/XML/Transportation/TK1101A1A.xml,國家通訊傳播委員會
07交通統計,電信業者營運實績-月,https://nstatdb.dgbas.gov.tw/dgbasAll/download/XML/Transportation/TK1101A1M.xml,國家通訊傳播委員會
07交通統計,觀光旅館概況-年,https://nstatdb.dgbas.gov.tw/dgbasAll/download/XML/Transportation/TK0301A1A.xml,交通部統計處
07交通統計,觀光旅館概況-月,https://nstatdb.dgbas.gov.tw/dgbasAll/download/XML/Transportation/TK0301A1M.xml,交通部統計處
07交通統計,來臺旅客人數按居住地分-年,https://nstatdb.dgbas.gov.tw/dgbasAll/download/XML/Transportation/TK0302A1A.xml,交通部統計處
07交通統計,來臺旅客人數按居住地分-月,https://nstatdb.dgbas.gov.tw/dgbasAll/download/XML/Transportation/TK0302A1M.xml,交通部統計處
07交通統計,來臺旅客人數按目的分-年,https://nstatdb.dgbas.gov.tw/dgbasAll/download/XML/Transportation/TK0302A2A.xml,交通部統計處
07交通統計,來臺旅客人數按目的分-月,https://nstatdb.dgbas.gov.tw/dgbasAll/download/XML/Transportation/TK0302A2M.xml,交通部統計處
07交通統計,國人出國人數按目的地分-年,https://nstatdb.dgbas.gov.tw/dgbasAll/download/XML/Transportation/TK0302A3A.xml,交通部統計處
07交通統計,國人出國人數按目的地分-月,https://nstatdb.dgbas.gov.tw/dgbasAll/download/XML/Transportation/TK0302A3M.xml,交通部統計處
08進出口統計,進出口貿易總值(一般貿易制度)-年,https://nstatdb.dgbas.gov.tw/dgbasAll/download/XML/InternationalTrade/CT1200A1A.xml,財政部統計處
08進出口統計,進出口貿易總值(一般貿易制度)-月,https://nstatdb.dgbas.gov.tw/dgbasAll/download/XML/InternationalTrade/CT1200A1M.xml,財政部統計處
08進出口統計,進出口貿易值-主要國家地區別(一般貿易制度)-年,https://nstatdb.dgbas.gov.tw/dgbasAll/download/XML/InternationalTrade/CT1209A1A.xml,財政部統計處
08進出口統計,進出口貿易值-主要國家地區別(一般貿易制度)-月,https://nstatdb.dgbas.gov.tw/dgbasAll/download/XML/InternationalTrade/CT1209A1M.xml,財政部統計處
08進出口統計,進出口貿易總值(特殊貿易制度)-年,https://nstatdb.dgbas.gov.tw/dgbasAll/download/XML/InternationalTrade/CT0200A1A.xml,財政部統計處
08進出口統計,進出口貿易總值(特殊貿易制度)-月,https://nstatdb.dgbas.gov.tw/dgbasAll/download/XML/InternationalTrade/CT0200A1M.xml,財政部統計處
08進出口統計,進出口貿易值-主要國家地區別(特殊貿易制度)-年,https://nstatdb.dgbas.gov.tw/dgbasAll/download/XML/InternationalTrade/CT0209A1A.xml,財政部統計處
08進出口統計,進出口貿易值-主要國家地區別(特殊貿易制度)-月,https://nstatdb.dgbas.gov.tw/dgbasAll/download/XML/InternationalTrade/CT0209A1M.xml,財政部統計處
09金融統計,各類金融機構家數-年,https://nstatdb.dgbas.gov.tw/dgbasAll/download/XML/FinancialStatistics/FM0201A1A.xml,中央銀行
09金融統計,各類金融機構家數-月,https://nstatdb.dgbas.gov.tw/dgbasAll/download/XML/FinancialStatistics/FM0201A1M.xml,中央銀行
09金融統計,準備貨幣-年,https://nstatdb.dgbas.gov.tw/dgbasAll/download/XML/FinancialStatistics/FM0301A1A.xml,中央銀行
09金融統計,準備貨幣-月,https://nstatdb.dgbas.gov.tw/dgbasAll/download/XML/FinancialStatistics/FM0301A1M.xml,中央銀行
09金融統計,貨幣總計數-年,https://nstatdb.dgbas.gov.tw/dgbasAll/download/XML/FinancialStatistics/FM0501A1A.xml,中央銀行
09金融統計,貨幣總計數-月,https://nstatdb.dgbas.gov.tw/dgbasAll/download/XML/FinancialStatistics/FM0501A1M.xml,中央銀行
09金融統計,貨幣總計數M1B變動因素-年,https://nstatdb.dgbas.gov.tw/dgbasAll/download/XML/FinancialStatistics/FM0601A1A.xml,中央銀行
09金融統計,貨幣總計數M1B變動因素-月,https://nstatdb.dgbas.gov.tw/dgbasAll/download/XML/FinancialStatistics/FM0601A1M.xml,中央銀行
09金融統計,廣義貨幣總計數M2變動因素-年,https://nstatdb.dgbas.gov.tw/dgbasAll/download/XML/FinancialStatistics/FM0701A1A.xml,中央銀行
09金融統計,廣義貨幣總計數M2變動因素-月,https://nstatdb.dgbas.gov.tw/dgbasAll/download/XML/FinancialStatistics/FM0701A1M.xml,中央銀行
09金融統計,全體銀行存款餘額統計-科目別-年,https://nstatdb.dgbas.gov.tw/dgbasAll/download/XML/FinancialStatistics/FM1701A1A.xml,中央銀行
09金融統計,全體銀行存款餘額統計-科目別-月,https://nstatdb.dgbas.gov.tw/dgbasAll/download/XML/FinancialStatistics/FM1701A1M.xml,中央銀行
09金融統計,全體銀行存款餘額統計-附 定期存款及定期儲蓄存款-1.期限別-月,https://nstatdb.dgbas.gov.tw/dgbasAll/download/XML/FinancialStatistics/FM1704A1M.xml,中央銀行
09金融統計,全體銀行存款餘額統計-附 定期存款及定期儲蓄存款-2.存戶別-月,https://nstatdb.dgbas.gov.tw/dgbasAll/download/XML/FinancialStatistics/FM1705A1M.xml,中央銀行
09金融統計,全體銀行放款餘額統計-科目別-年,https://nstatdb.dgbas.gov.tw/dgbasAll/download/XML/FinancialStatistics/FM1801A1A.xml,中央銀行
09金融統計,全體銀行放款餘額統計-科目別-月,https://nstatdb.dgbas.gov.tw/dgbasAll/download/XML/FinancialStatistics/FM1801A1M.xml,中央銀行
09金融統計,消費者貸款及建築貸款餘額-年,https://nstatdb.dgbas.gov.tw/dgbasAll/download/XML/FinancialStatistics/FM1901A1A.xml,中央銀行
09金融統計,消費者貸款及建築貸款餘額-月,https://nstatdb.dgbas.gov.tw/dgbasAll/download/XML/FinancialStatistics/FM1901A1M.xml,中央銀行
09金融統計,全體銀行外幣放款餘額-年,https://nstatdb.dgbas.gov.tw/dgbasAll/download/XML/FinancialStatistics/FM2001A1A.xml,中央銀行
09金融統計,全體銀行外幣放款餘額-月,https://nstatdb.dgbas.gov.tw/dgbasAll/download/XML/FinancialStatistics/FM2001A1M.xml,中央銀行
09金融統計,票券市場統計-交易金額工具別-年,https://nstatdb.dgbas.gov.tw/dgbasAll/download/XML/FinancialStatistics/FM2701A1A.xml,中央銀行
09金融統計,票券市場統計-交易金額工具別-月,https://nstatdb.dgbas.gov.tw/dgbasAll/download/XML/FinancialStatistics/FM2701A1M.xml,中央銀行
09金融統計,債券市場統計-政府公債之發行、償還及餘額-年,https://nstatdb.dgbas.gov.tw/dgbasAll/download/XML/FinancialStatistics/FM2802A1A.xml,中央銀行
09金融統計,債券市場統計-政府公債之發行、償還及餘額-月,https://nstatdb.dgbas.gov.tw/dgbasAll/download/XML/FinancialStatistics/FM2802A1M.xml,中央銀行
09金融統計,債券市場統計-國內公司債及金融債券之發行、償還及餘額-年,https://nstatdb.dgbas.gov.tw/dgbasAll/download/XML/FinancialStatistics/FM2803A1A.xml,中央銀行
09金融統計,債券市場統計-國內公司債及金融債券之發行、償還及餘額-月,https://nstatdb.dgbas.gov.tw/dgbasAll/download/XML/FinancialStatistics/FM2803A1M.xml,中央銀行
09金融統計,利率統計-存放款加權平均利率-年,https://nstatdb.dgbas.gov.tw/dgbasAll/download/XML/FinancialStatistics/FM3003A1A.xml,中央銀行
09金融統計,利率統計-存放款加權平均利率-季,https://nstatdb.dgbas.gov.tw/dgbasAll/download/XML/FinancialStatistics/FM3003A1Q.xml,中央銀行
09金融統計,利率統計-五大銀行新承做放款金額與利率-年,https://nstatdb.dgbas.gov.tw/dgbasAll/download/XML/FinancialStatistics/FM3004A1A.xml,中央銀行
09金融統計,利率統計-五大銀行新承做放款金額與利率-月,https://nstatdb.dgbas.gov.tw/dgbasAll/download/XML/FinancialStatistics/FM3004A1M.xml,中央銀行
09金融統計,利率統計-金融業拆款利率-年,https://nstatdb.dgbas.gov.tw/dgbasAll/download/XML/FinancialStatistics/FM3005A1A.xml,中央銀行
09金融統計,利率統計-金融業拆款利率-月,https://nstatdb.dgbas.gov.tw/dgbasAll/download/XML/FinancialStatistics/FM3005A1M.xml,中央銀行
09金融統計,利率統計-貨幣市場利率-年,https://nstatdb.dgbas.gov.tw/dgbasAll/download/XML/FinancialStatistics/FM3006A1A.xml,中央銀行
09金融統計,利率統計-貨幣市場利率-月,https://nstatdb.dgbas.gov.tw/dgbasAll/download/XML/FinancialStatistics/FM3006A1M.xml,中央銀行
09金融統計,利率統計-資本市場利率-年,https://nstatdb.dgbas.gov.tw/dgbasAll/download/XML/FinancialStatistics/FM3007A1A.xml,中央銀行
09金融統計,利率統計-資本市場利率-月,https://nstatdb.dgbas.gov.tw/dgbasAll/download/XML/FinancialStatistics/FM3007A1M.xml,中央銀行
09金融統計,外匯統計-出進口外匯收支-年,https://nstatdb.dgbas.gov.tw/dgbasAll/download/XML/FinancialStatistics/FM3101A1A.xml,中央銀行
09金融統計,外匯統計-出進口外匯收支-月,https://nstatdb.dgbas.gov.tw/dgbasAll/download/XML/FinancialStatistics/FM3101A1M.xml,中央銀行
09金融統計,外匯統計-外匯交易量、淨部位及外匯存底-年,https://nstatdb.dgbas.gov.tw/dgbasAll/download/XML/FinancialStatistics/FM3102A1A.xml,中央銀行
09金融統計,外匯統計-外匯交易量、淨部位及外匯存底-月,https://nstatdb.dgbas.gov.tw/dgbasAll/download/XML/FinancialStatistics/FM3102A1M.xml,中央銀行
09金融統計,外匯統計-台北外幣拆放市場交易-年,https://nstatdb.dgbas.gov.tw/dgbasAll/download/XML/FinancialStatistics/FM3103A1A.xml,中央銀行
09金融統計,外匯統計-台北外幣拆放市場交易-月,https://nstatdb.dgbas.gov.tw/dgbasAll/download/XML/FinancialStatistics/FM3103A1M.xml,中央銀行
09金融統計,外匯統計-美元即期匯率及遠期信用狀美金利率-月,https://nstatdb.dgbas.gov.tw/dgbasAll/download/XML/FinancialStatistics/FM3201A1M.xml,中央銀行
09金融統計,外匯統計-即期匯率-年,https://nstatdb.dgbas.gov.tw/dgbasAll/download/XML/FinancialStatistics/FM3202A1A.xml,中央銀行
09金融統計,外匯統計-即期匯率-月,https://nstatdb.dgbas.gov.tw/dgbasAll/download/XML/FinancialStatistics/FM3202A1M.xml,中央銀行
09金融統計,外匯統計-美元兌新台幣遠期匯率-年,https://nstatdb.dgbas.gov.tw/dgbasAll/download/XML/FinancialStatistics/FM3203A1A.xml,中央銀行
09金融統計,外匯統計-美元兌新台幣遠期匯率-月,https://nstatdb.dgbas.gov.tw/dgbasAll/download/XML/FinancialStatistics/FM3203A1M.xml,中央銀行
09金融統計,我國與主要貿易對手通貨對美元之匯率-年,https://nstatdb.dgbas.gov.tw/dgbasAll/download/XML/FinancialStatistics/FM3601A1A.xml,中央銀行
09金融統計,我國與主要貿易對手通貨對美元之匯率-月,https://nstatdb.dgbas.gov.tw/dgbasAll/download/XML/FinancialStatistics/FM3601A1M.xml,中央銀行
09金融統計,國際收支簡表-年,https://nstatdb.dgbas.gov.tw/dgbasAll/download/XML/FinancialStatistics/FM3501A1A.xml,中央銀行
09金融統計,國際收支簡表-季,https://nstatdb.dgbas.gov.tw/dgbasAll/download/XML/FinancialStatistics/FM3501A1Q.xml,中央銀行
09金融統計,資金流量表(90年以後)-年,https://nstatdb.dgbas.gov.tw/dgbasAll/download/XML/FinancialStatistics/FM8102A1A.xml,中央銀行
09金融統計,信用卡流通統計-年,https://nstatdb.dgbas.gov.tw/dgbasAll/download/XML/FinancialStatistics/FM9601A1A.xml,金融監督管理委員會-銀行局統計室
09金融統計,信用卡流通統計-月,https://nstatdb.dgbas.gov.tw/dgbasAll/download/XML/FinancialStatistics/FM9601A1M.xml,金融監督管理委員會-銀行局統計室
10財政統計,營利事業家數及銷售額－按稅務行業別分(第七次修訂102年-106年)-年,https://nstatdb.dgbas.gov.tw/dgbasAll/download/XML/PublicFinance/PF0102A3A.xml,財政部統計處
10財政統計,營利事業家數及銷售額－按稅務行業別分(第八次修訂107年-111年)-年,https://nstatdb.dgbas.gov.tw/dgbasAll/download/XML/PublicFinance/PF0102A4A.xml,財政部統計處
10財政統計,營利事業家數及銷售額－按稅務行業別分(第九次修訂112年以後)-年,https://nstatdb.dgbas.gov.tw/dgbasAll/download/XML/PublicFinance/PF0102A4A.xml,財政部統計處
10財政統計,全國賦稅實徵淨額－按稅目別分-年,https://nstatdb.dgbas.gov.tw/dgbasAll/download/XML/PublicFinance/PF0101A1A.xml,財政部統計處
10財政統計,全國賦稅實徵淨額－按稅目別分-月,https://nstatdb.dgbas.gov.tw/dgbasAll/download/XML/PublicFinance/PF0101A1M.xml,財政部統計處
10財政統計,各級政府歲入歲出淨額、餘絀及融資-年,https://nstatdb.dgbas.gov.tw/dgbasAll/download/XML/PublicFinance/PF0201A1A.xml,財政部統計處
10財政統計,各級政府歲入淨額－按來源別分-年,https://nstatdb.dgbas.gov.tw/dgbasAll/download/XML/PublicFinance/PF0202A1A.xml,財政部統計處
10財政統計,各級政府歲出淨額－按政事別分-年,https://nstatdb.dgbas.gov.tw/dgbasAll/download/XML/PublicFinance/PF0203A1A.xml,財政部統計處
10財政統計,各級政府債務累積未償餘額-年,https://nstatdb.dgbas.gov.tw/dgbasAll/download/XML/PublicFinance/PF0210A1A.xml,財政部統計處
11證券統計,公開發行公司股票發行概況-年,https://nstatdb.dgbas.gov.tw/dgbasAll/download/XML/Securities/SF0101A1A.xml,金融監督管理委員會-證券期貨局
11證券統計,公開發行公司股票發行概況-月,https://nstatdb.dgbas.gov.tw/dgbasAll/download/XML/Securities/SF0101A1M.xml,金融監督管理委員會-證券期貨局
11證券統計,集中市場證券總成交值概況-月,https://nstatdb.dgbas.gov.tw/dgbasAll/download/XML/Securities/SF0201A1M.xml,金融監督管理委員會-證券期貨局
11證券統計,集中市場股票交易概況-月,https://nstatdb.dgbas.gov.tw/dgbasAll/download/XML/Securities/SF0203A1M.xml,金融監督管理委員會-證券期貨局
11證券統計,店頭市場股票交易概況-月,https://nstatdb.dgbas.gov.tw/dgbasAll/download/XML/Securities/SF0204A1M.xml,金融監督管理委員會-證券期貨局
11證券統計,集中交易市場成交金額投資人類別比例-月,https://nstatdb.dgbas.gov.tw/dgbasAll/download/XML/Securities/SF0208A1M.xml,金融監督管理委員會-證券期貨局
11證券統計,集中交易市場投資法人交易概況-月,https://nstatdb.dgbas.gov.tw/dgbasAll/download/XML/Securities/SF0210A1M.xml,金融監督管理委員會-證券期貨局
11證券統計,股票市場統計-股票信用交易-月,https://nstatdb.dgbas.gov.tw/dgbasAll/download/XML/Securities/SF2901A1M.xml,台灣證券交易所及中華民國證券櫃檯買賣中心；中央銀行整理
11證券統計,上市股票平均每股市值及獲利概況-月,https://nstatdb.dgbas.gov.tw/dgbasAll/download/XML/Securities/SF0401A1M.xml,金融監督管理委員會-證券期貨局
11證券統計,證券市場股價指數變動概況-月,https://nstatdb.dgbas.gov.tw/dgbasAll/download/XML/Securities/SF0404A1M.xml,金融監督管理委員會-證券期貨局
11證券統計,各國證券市場股價指數比較-月,https://nstatdb.dgbas.gov.tw/dgbasAll/download/XML/Securities/SF0501A1M.xml,金融監督管理委員會-證券期貨局
12景氣指標統計,景氣指標統計-月,https://nstatdb.dgbas.gov.tw/dgbasAll/download/XML/EconomicStatistics/ES0101A2M.xml,國家發展委員會
13人口統計,村里鄰戶數暨人口數-年,https://nstatdb.dgbas.gov.tw/dgbasAll/download/XML/Population/Po0201A1A.xml,內政部統計處
13人口統計,村里鄰戶數暨人口數-月,https://nstatdb.dgbas.gov.tw/dgbasAll/download/XML/Population/Po0201A1M.xml,內政部統計處
13人口統計,現住原住民人口數-年,https://nstatdb.dgbas.gov.tw/dgbasAll/download/XML/Population/Po0202A1A.xml,內政部統計處
13人口統計,現住原住民人口數-月,https://nstatdb.dgbas.gov.tw/dgbasAll/download/XML/Population/Po0202A1M.xml,內政部統計處
13人口統計,出生、死亡統計-年,https://nstatdb.dgbas.gov.tw/dgbasAll/download/XML/Population/Po0203A1A.xml,內政部統計處
13人口統計,出生、死亡統計-月,https://nstatdb.dgbas.gov.tw/dgbasAll/download/XML/Population/Po0203A1M.xml,內政部統計處
13人口統計,戶籍登記現住人口數-按五歲年齡組分分-年,https://nstatdb.dgbas.gov.tw/dgbasAll/download/XML/Population/Po0204A1A.xml,內政部統計處
13人口統計,戶籍登記現住人口數-按五歲年齡組分-月,https://nstatdb.dgbas.gov.tw/dgbasAll/download/XML/Population/Po0204A1M.xml,內政部統計處
13人口統計,結婚、離婚統計-年,https://nstatdb.dgbas.gov.tw/dgbasAll/download/XML/Population/Po0206A1A.xml,內政部統計處
13人口統計,結婚、離婚統計-月,https://nstatdb.dgbas.gov.tw/dgbasAll/download/XML/Population/Po0206A1M.xml,內政部統計處
13人口統計,結婚人數-按雙方國籍分-年,https://nstatdb.dgbas.gov.tw/dgbasAll/download/XML/Population/Po0206A2A.xml,內政部統計處
13人口統計,結婚人數-按雙方國籍分-月,https://nstatdb.dgbas.gov.tw/dgbasAll/download/XML/Population/Po0206A2M.xml,內政部統計處
13人口統計,離婚人數-按雙方國籍分-年,https://nstatdb.dgbas.gov.tw/dgbasAll/download/XML/Population/Po0206A3A.xml,內政部統計處
13人口統計,離婚人數-按雙方國籍分-月,https://nstatdb.dgbas.gov.tw/dgbasAll/download/XML/Population/Po0206A3M.xml,內政部統計處
13人口統計,嬰兒出生數按生母國籍別分-年,https://nstatdb.dgbas.gov.tw/dgbasAll/download/XML/Population/Po0207A1A.xml,內政部統計處
13人口統計,嬰兒出生數按生母國籍別分-月,https://nstatdb.dgbas.gov.tw/dgbasAll/download/XML/Population/Po0207A1M.xml,內政部統計處
13人口統計,15歲以上人口教育程度-年,https://nstatdb.dgbas.gov.tw/dgbasAll/download/XML/Population/Po0208A1A.xml,內政部統計處
13人口統計,婚姻狀況統計-年,https://nstatdb.dgbas.gov.tw/dgbasAll/download/XML/Population/Po0209A1A.xml,內政部統計處
13人口統計,平均餘命-年,https://nstatdb.dgbas.gov.tw/dgbasAll/download/XML/Population/Po0215A1A.xml,內政部統計處
13人口統計,國際、內戶籍遷入、遷出、淨遷入人數-年,https://nstatdb.dgbas.gov.tw/dgbasAll/download/XML/Population/Po0210A1A.xml,內政部統計處
13人口統計,國際、內戶籍遷入、遷出、淨遷入人數-月,https://nstatdb.dgbas.gov.tw/dgbasAll/download/XML/Population/Po0210A1M.xml,內政部統計處
13人口統計,入出境人數統計-按入境地點分-年,https://nstatdb.dgbas.gov.tw/dgbasAll/download/XML/Population/Po0210A2A.xml,內政部統計處
13人口統計,入出境人數統計-按入境地點分-月,https://nstatdb.dgbas.gov.tw/dgbasAll/download/XML/Population/Po0210A2M.xml,內政部統計處
13人口統計,入出境人數統計-按出境地點分-年,https://nstatdb.dgbas.gov.tw/dgbasAll/download/XML/Population/Po0210A3A.xml,內政部統計處
13人口統計,入出境人數統計-按出境地點分-月,https://nstatdb.dgbas.gov.tw/dgbasAll/download/XML/Population/Po0210A3M.xml,內政部統計處
14警政與消防統計,警察機關受(處)理刑事案件-年,https://nstatdb.dgbas.gov.tw/dgbasAll/download/XML/PublicSafety/PS0201A1A.xml,內政部統計處
14警政與消防統計,警察機關受(處)理刑事案件-月,https://nstatdb.dgbas.gov.tw/dgbasAll/download/XML/PublicSafety/PS0201A1M.xml,內政部統計處
14警政與消防統計,警察機關處理違反社會秩序維護法案件-年,https://nstatdb.dgbas.gov.tw/dgbasAll/download/XML/PublicSafety/PS0202A1A.xml,內政部統計處
14警政與消防統計,警察機關處理違反社會秩序維護法案件-月,https://nstatdb.dgbas.gov.tw/dgbasAll/download/XML/PublicSafety/PS0202A1M.xml,內政部統計處
14警政與消防統計,機動車輛及道路交通事故-年,https://nstatdb.dgbas.gov.tw/dgbasAll/download/XML/PublicSafety/PS0203A1A.xml,內政部統計處
14警政與消防統計,機動車輛及道路交通事故-月,https://nstatdb.dgbas.gov.tw/dgbasAll/download/XML/PublicSafety/PS0203A1M.xml,內政部統計處
14警政與消防統計,火災次數按起火原因分-年,https://nstatdb.dgbas.gov.tw/dgbasAll/download/XML/PublicSafety/PS0302A1A.xml,內政部統計處
14警政與消防統計,火災次數按起火原因分-月,https://nstatdb.dgbas.gov.tw/dgbasAll/download/XML/PublicSafety/PS0302A1M.xml,內政部統計處
15社會保險及福利統計,社會保險-年,https://nstatdb.dgbas.gov.tw/dgbasAll/download/XML/SocialWelfare/SW0101A1A.xml,勞動部勞保局、農委會、考試院統計室
15社會保險及福利統計,社會保險-月,https://nstatdb.dgbas.gov.tw/dgbasAll/download/XML/SocialWelfare/SW0101A1M.xml,勞動部勞保局、農委會、考試院統計室
15社會保險及福利統計,低收入戶戶數及人數-年,https://nstatdb.dgbas.gov.tw/dgbasAll/download/XML/SocialWelfare/SW0103A1A.xml,衛生福利部統計處
15社會保險及福利統計,低收入戶生活扶助-年,https://nstatdb.dgbas.gov.tw/dgbasAll/download/XML/SocialWelfare/SW0104A1A.xml,衛生福利部統計處
15社會保險及福利統計,災害及急難救助-年,https://nstatdb.dgbas.gov.tw/dgbasAll/download/XML/SocialWelfare/SW0105A1A.xml,衛生福利部統計處
15社會保險及福利統計,醫療補助、看護補助-年,https://nstatdb.dgbas.gov.tw/dgbasAll/download/XML/SocialWelfare/SW0106A1A.xml,衛生福利部統計處
15社會保險及福利統計,身心障礙人數-年,https://nstatdb.dgbas.gov.tw/dgbasAll/download/XML/SocialWelfare/SW0109A1A.xml,衛生福利部統計處
15社會保險及福利統計,身心障礙人數(新制ICF八大分類)-年,https://nstatdb.dgbas.gov.tw/dgbasAll/download/XML/SocialWelfare/SW0109A2A.xml,衛生福利部統計處
15社會保險及福利統計,身心障礙福利機構-年,https://nstatdb.dgbas.gov.tw/dgbasAll/download/XML/SocialWelfare/SW0110A1A.xml,內政部統計處
15社會保險及福利統計,中低收入老人生活津貼-年,https://nstatdb.dgbas.gov.tw/dgbasAll/download/XML/SocialWelfare/SW0107A1A.xml,衛生福利部統計處
15社會保險及福利統計,中低收入老人生活津貼-月,https://nstatdb.dgbas.gov.tw/dgbasAll/download/XML/SocialWelfare/SW0107A1M.xml,衛生福利部統計處
15社會保險及福利統計,老人長期照顧、安養機構概況-年,https://nstatdb.dgbas.gov.tw/dgbasAll/download/XML/SocialWelfare/SW0112A1A.xml,衛生福利部統計處
15社會保險及福利統計,托嬰中心所數及收托人數-年,https://nstatdb.dgbas.gov.tw/dgbasAll/download/XML/SocialWelfare/SW0120A1A.xml,衛生福利部統計處
16教育統計,各級學校校數、班級數、學生、畢業生及教師人數-年,https://nstatdb.dgbas.gov.tw/dgbasAll/download/XML/Education/ER0101A1A.xml,教育部統計處
16教育統計,中等以下教育學齡人口總淨在學率-年,https://nstatdb.dgbas.gov.tw/dgbasAll/download/XML/Education/ER0102A1A.xml,教育部統計處
16教育統計,高等教育淨在學率-年,https://nstatdb.dgbas.gov.tw/dgbasAll/download/XML/Education/ER0102A2A.xml,教育部統計處
16教育統計,各級教育學齡人口粗在學率-年,https://nstatdb.dgbas.gov.tw/dgbasAll/download/XML/Education/ER0102A3A.xml,教育部統計處
16教育統計,各級學校畢業生升學率-年,https://nstatdb.dgbas.gov.tw/dgbasAll/download/XML/Education/ER0103A1A.xml,教育部統計處
16教育統計,學生視力不良率-年,https://nstatdb.dgbas.gov.tw/dgbasAll/download/XML/Education/ER0109A1A.xml,教育部統計處
16教育統計,各級學校生師比-年,https://nstatdb.dgbas.gov.tw/dgbasAll/download/XML/Education/ER0105A1A.xml,教育部統計處
16教育統計,教育經費統計-年,https://nstatdb.dgbas.gov.tw/dgbasAll/download/XML/Education/ER0107A1A.xml,教育部統計處
16教育統計,大專校院境外學生在臺留學及研習人數-年,https://nstatdb.dgbas.gov.tw/dgbasAll/download/XML/Education/ER0110A1A.xml,教育部統計處
17衛生統計,"主要死亡原因 (國際死因分類號碼ICD-10, 2008年以後)-年",https://nstatdb.dgbas.gov.tw/dgbasAll/download/XML/Health/HS0101A2A.xml,衛生福利部
17衛生統計,"主要癌症死亡原因-男女合計 (國際死因分類號碼ICD-10, 2008年以後)-年",https://nstatdb.dgbas.gov.tw/dgbasAll/download/XML/Health/HS0102A2A.xml,衛生福利部
17衛生統計,新生兒、嬰兒及孕產婦死亡率-年,https://nstatdb.dgbas.gov.tw/dgbasAll/download/XML/Health/HS0103A1A.xml,衛生福利部
17衛生統計,事故傷害死亡概況-年,https://nstatdb.dgbas.gov.tw/dgbasAll/download/XML/Health/HS0104A1A.xml,衛生福利部
17衛生統計,蓄意自我傷害（自殺）年齡別死亡率-年,https://nstatdb.dgbas.gov.tw/dgbasAll/download/XML/Health/HS0105A1A.xml,衛生福利部
17衛生統計,醫療院所病床數及每萬人口病床數-年,https://nstatdb.dgbas.gov.tw/dgbasAll/download/XML/Health/HS0201A1A.xml,衛生福利部
17衛生統計,醫療院所家數-年,https://nstatdb.dgbas.gov.tw/dgbasAll/download/XML/Health/HS0202A1A.xml,衛生福利部
17衛生統計,醫療與其他醫事機構執業醫事人員數及每萬人口執業醫事人員數-年,https://nstatdb.dgbas.gov.tw/dgbasAll/download/XML/Health/HS0203A1A.xml,衛生福利部
17衛生統計,食品中毒事件-年,https://nstatdb.dgbas.gov.tw/dgbasAll/download/XML/Health/HS0302A1A.xml,衛生福利部
17衛生統計,國民醫療保健支出統計-年,https://nstatdb.dgbas.gov.tw/dgbasAll/download/XML/Health/HS0501A1A.xml,衛生福利部
17衛生統計,全民健康保險保險對象人數-年,https://nstatdb.dgbas.gov.tw/dgbasAll/download/XML/Health/HS1101A1A.xml,衛生福利部
18環保統計,空氣污染指標分布-年,https://nstatdb.dgbas.gov.tw/dgbasAll/download/XML/Environment/EP0101A1A.xml,環保部
18環保統計,空氣污染指標分布-月,https://nstatdb.dgbas.gov.tw/dgbasAll/download/XML/Environment/EP0101A1M.xml,環保部
18環保統計,空氣品質指標分布-年,https://nstatdb.dgbas.gov.tw/dgbasAll/download/XML/Environment/EP0101A2A.xml,環保部
18環保統計,空氣品質指標分布-月,https://nstatdb.dgbas.gov.tw/dgbasAll/download/XML/Environment/EP0101A2M.xml,環保部
18環保統計,空氣污染物濃度-年,https://nstatdb.dgbas.gov.tw/dgbasAll/download/XML/Environment/EP0102A1A.xml,環保部
18環保統計,自來水水質檢驗-年,https://nstatdb.dgbas.gov.tw/dgbasAll/download/XML/Environment/EP0103A1A.xml,環保部
18環保統計,自來水水質檢驗-月,https://nstatdb.dgbas.gov.tw/dgbasAll/download/XML/Environment/EP0103A1M.xml,環保部
18環保統計,一般地區環境音量監測情形-年,https://nstatdb.dgbas.gov.tw/dgbasAll/download/XML/Environment/EP0104A1A.xml,環保部
18環保統計,一般地區環境音量監測情形-季,https://nstatdb.dgbas.gov.tw/dgbasAll/download/XML/Environment/EP0104A1Q.xml,環保部
18環保統計,道路交通音量監測情形-年,https://nstatdb.dgbas.gov.tw/dgbasAll/download/XML/Environment/EP0104A2A.xml,環保部
18環保統計,道路交通音量監測情形-季,https://nstatdb.dgbas.gov.tw/dgbasAll/download/XML/Environment/EP0104A2Q.xml,環保部
18環保統計,環境音量監測不合格情形-年,https://nstatdb.dgbas.gov.tw/dgbasAll/download/XML/Environment/EP0104A1A.xml,環保部
18環保統計,環境音量監測不合格情形-季,https://nstatdb.dgbas.gov.tw/dgbasAll/download/XML/Environment/EP0104A1Q.xml,環保部
18環保統計,垃圾清理狀況-年,https://nstatdb.dgbas.gov.tw/dgbasAll/download/XML/Environment/EP0105A1A.xml,環保部
18環保統計,垃圾清理狀況-月,https://nstatdb.dgbas.gov.tw/dgbasAll/download/XML/Environment/EP0105A1M.xml,環保部
18環保統計,重要河川污染現況-年,https://nstatdb.dgbas.gov.tw/dgbasAll/download/XML/Environment/EP0106A1A.xml,環保部
20農業統計,糧食供需-年,https://nstatdb.dgbas.gov.tw/dgbasAll/download/XML/Environment/AG0101A1A.xml,農業部
20農業統計,農業生產總值-年,https://nstatdb.dgbas.gov.tw/dgbasAll/download/XML/Environment/AG0102A1A.xml,農業部
